sujet,date,statut
Synthwave et imagerie rétro-futuriste spatiale en décoration,2025-10-12T16:11:57.416634,succès_2025-10-13_09:00
Guardians of the Galaxy : quand les couleurs cosmiques deviennent pop,2025-10-12T16:19:41.226944,échec_publication
Culture rave et nébuleuses fluorescentes dans la déco moderne,2025-10-12T16:23:17.575092,échec_publication
Interstellar et la nouvelle représentation des trous noirs,2025-10-12T16:27:12.139896,succès_2025-10-13_09:00
Science-fiction française et son influence sur l'art spatial européen,2025-10-12T16:32:04.935086,succès_2025-10-13_09:00
Mouvement Outrun : l'obsession pour les horizons cosmiques,2025-10-12T16:41:30.372107,succès_2025-10-13_09:00
Steampunk spatial : l'astronomie rétro réinventée en décoration,2025-10-12T16:48:53.656826,succès_2025-10-13_09:00
Influence de Moebius sur l'esthétique désertique-spatiale,2025-10-12T16:53:15.460124,échec_publication
Cosmic Horror : de Lovecraft aux intérieurs gothiques spatiaux,2025-10-12T16:57:11.553343,échec_publication
Mythologies stellaires africaines dans l'art contemporain,2025-10-12T17:00:29.733276,échec_publication
Science-fiction française et son influence sur l'art spatial européen,2025-10-12T17:38:22.666723,succès
Mouvement Outrun : l'obsession pour les horizons cosmiques,2025-10-13T06:58:49.863457,succès
Steampunk spatial : l'astronomie rétro réinventée en décoration,2025-10-13T07:04:34.644217,succès
Influence de Moebius sur l'esthétique désertique-spatiale,2025-10-13T07:09:10.602359,succès
Comment choisir une palette de couleurs neutres pour un Airbnb ?,2025-10-13T07:48:48.775953,succès
Quelles sont les meilleures idées de décoration minimaliste pour location saisonnière ?,2025-10-13T07:53:18.247636,succès
Quelles certifications ignifuges rechercher pour un tableau mural d'hôtel aux normes ERP ?,2025-10-18T14:36:13.320802,succès
Tableau sur panneau de bois vs MDF : quel support résiste mieux à l'humidité ?,2025-10-20T22:03:21.423336,succès
Comment évaluer la densité de pigmentation d'une peinture pour hôtel de luxe ?,2025-10-23T22:02:56.817272,succès
Quels adhésifs structurels garantissent la tenue d'un tableau contrecollé sur dibond ?,2025-10-27T22:03:13.462043,succès
Impression latex vs solvant : quelle technologie pour un rendu durable en hôtellerie ?,2025-10-30T22:02:51.920631,succès
Comment mesurer le niveau de brillance d'un vernis pour coordonner plusieurs tableaux ?,2025-11-03T22:03:07.917745,succès
Quels bois exotiques offrent la meilleure stabilité pour des cadres en climat variable ?,2025-11-06T22:02:37.331425,succès
Quels types de verre anti-UV préservent les couleurs sans altérer la luminosité ?,2025-11-10T22:03:06.877300,succès
Tableau mural thermoformé : quels avantages techniques pour les formats courbes ?,2025-11-13T22:02:49.034007,succès
Comment évaluer la porosité d'un support avant application de peinture en atelier ?,2025-11-17T22:02:40.132819,succès
Quelles épaisseurs de médium acrylique pour créer des reliefs durables en hôtellerie ?,2025-11-20T22:04:48.823755,succès
Peinture à l'eau vs glycéro : quelle résistance aux nettoyages répétés dans un hôtel ?,2025-11-24T22:02:57.610573,succès
Comment reconnaître un châssis à clés fonctionnelles pour retendre une toile ?,2025-11-27T22:02:33.158645,succès
Quels apprêts gesso garantissent l'adhérence optimale sur supports non-poreux ?,2025-12-01T22:02:58.417279,succès
Impression sur papier fine art : quel grammage minimum pour un rendu luxueux ?,2025-12-04T22:03:59.902511,succès
Comment tester la solidité lumière des encres avant installation en vitrine d'hôtel ?,2025-12-08T22:03:02.379486,succès
Quels systèmes de rails permettent de changer facilement les tableaux muraux ?,2025-12-11T22:02:47.600764,succès
Toile polyester vs lin : quelle stabilité dimensionnelle pour grands formats hôteliers ?,2025-12-15T22:02:53.651964,succès
Comment vérifier l'épaisseur du vernis appliqué sur un tableau mural ?,2025-12-18T22:02:54.560171,succès
Quels pigments organiques vs minéraux pour une palette résistante en hôtellerie ?,2025-12-22T22:02:55.198462,succès
Montage flottant sur entretoises : quelle profondeur pour un effet moderne ?,2025-12-25T22:02:39.750197,succès
Comment évaluer la qualité de coupe et d'assemblage d'un cadre d'hôtel ?,2025-12-29T22:07:52.570453,succès
Quels traitements antibactériens appliquer sur des tableaux en zones sanitaires ?,2026-01-01T22:02:35.052368,succès
Peinture époxy pour tableaux muraux : quels avantages en environnement humide ?,2026-01-05T22:03:14.498049,succès
Comment choisir entre impression numérique et sérigraphie pour une série hôtelière ?,2026-01-08T22:02:49.388714,succès
Quels critères de densité du bois pour un châssis résistant aux déformations ?,2026-01-12T22:03:10.625602,succès
Tableau sur verre trempé : quelles normes de sécurité pour espaces publics ?,2026-01-15T22:02:46.884397,succès
